time,YellowCarCo,YellowCarCm,GreenCarCo,GreenCarCm,YellowCarSpeed,YellowCarPositionX,YellowCarPositionZ,GreenCarSpeed,GreenCarPositionX,GreenCarPositionZ,distance,CoButton,CmButton
0,1.42,1,1,1,0,143,100,0,143,60,40,False,False
1,1.42,1,1,1,47.34146,143,112.3942,40.14267,143,71.34145,41.05271,False,False
2,1.42,1,1,1,54.68719,143,126.8689,39.99985,143,82.69476,44.17411,False,False
3,1.42,1,1,1,60.01556,143,143.3347,40.14404,143,94.04887,49.28587,False,False
4,1.42,1,1,1,59.87,143,160.3181,39.99985,143,105.4022,54.91594,False,False
5,1.42,1,1,1,60.01556,143,177.3023,40.14404,143,116.7563,60.54601,False,False
6,1.42,1,1,1,59.87,143,194.2857,39.99847,143,128.1096,66.17609,False,False
7,1.42,1,1,1,60.01556,143,211.2699,40.14404,143,139.4635,71.80635,False,False
8,1.42,1,1,1,59.87,143,228.2533,39.99847,143,150.8167,77.43661,False,False
9,1.42,1,1,1,60.01556,143,245.2375,40.14404,143,162.1706,83.06688,False,False
10,1,1,1,1,58.43079,143,262.1729,39.99847,143,173.5237,88.64914,False,False
11,1,1,1,1,51.08643,143,277.6676,40.14404,143,184.8776,92.78999,False,False
12,1,1,1,1,43.74207,143,291.0816,39.99847,143,196.2308,94.85085,False,False
13,1,1,1,1,39.85291,143,302.6643,40.14404,143,207.5847,95.07962,False,False
14,1,1,1,1,40.00122,143,313.9774,39.99847,143,218.9378,95.03958,False,False
15,1,1,1,1,39.85291,143,325.2896,40.14404,143,230.2917,94.99791,False,False
16,1,1,1,1,40.00122,143,336.6027,39.99847,143,241.6449,94.95787,False,False
17,1,1,1,1,39.85291,143,347.915,40.14404,143,252.9988,94.9162,False,False
18,1,1,1,1,40.00122,143,359.2281,40.00122,143,264.3231,94.905,False,False
19,1,1,1,1,39.85291,143,370.5403,39.85291,143,275.6353,94.905,False,False
20,1,1,1,1,40.00122,143,381.8534,40.00122,143,286.9484,94.905,False,False
21,1,1,1,1,39.85291,143,393.1656,39.85291,143,298.2607,94.905,False,False
22,1,1,1,1,40.00122,143,404.4787,40.00122,143,309.5737,94.905,False,False
23,1,1,1,1,39.85291,143,415.791,39.85291,143,320.886,94.905,False,False
24,1,1,1,1,40.00122,143,427.1041,40.00122,143,332.1991,94.905,False,False
25,1,1,1,1,39.85291,143,438.4163,39.85291,143,343.5113,94.905,False,False
26,1,1,1,1,40.00122,143,449.7294,40.00122,143,354.8244,94.905,False,False
