time,BlueCarCo,BlueCarCm,GreenCarCo,GreenCarCm,BlueCarSpeed,BlueCarPositionX,BlueCarPositionZ,GreenCarSpeed,GreenCarPositionX,GreenCarPositionZ,distance,ƒ{ƒ^ƒ“
0,1,1.284315,0,0,0,143,100,0,0,0,20,off
1,1,1.499856,1,1,47.05444,143,112.3142,39.99985,143,91.12009,20.97104,off
2,1,1.499961,1,1,54.3988,143,126.7073,40.14404,143,102.4742,24.01082,off
3,1,1.492631,1,1,60.01556,143,143.1139,39.99985,143,113.8275,29.06339,off
4,1.018152,1.499845,1,1,59.87,143,160.0813,40.14404,143,125.1816,34.67747,off
5,1,1.499867,1,1,60.01556,143,177.0655,39.99847,143,136.5348,40.30769,off
6,1,1.478541,1,1,59.87,143,194.0489,40.14404,143,147.8887,45.93796,off
7,1,1,1,1,53.6792,143,210.2588,39.99847,143,159.2419,50.79391,off
