{"cameraMode":{"drawMode":0,"name":"Shaded","section":"Shading Mode"},"sceneLighting":true,"audioPlay":false,"sceneViewState":{"showFog":true,"showMaterialUpdate":false,"showSkybox":false,"showFlares":true,"showImageEffects":true,"showParticleSystems":true},"in2DMode":false,"pivot":{"x":142.74551391601563,"y":-0.13826870918273927,"z":120.71125030517578},"rotation":{"x":0.08532324433326721,"y":-0.04123525321483612,"z":0.0035340581089258196,"w":0.9954943656921387},"size":3.2697980403900148,"orthographic":false}