{"cameraMode":{"drawMode":0,"name":"Shaded","section":"Shading Mode"},"sceneLighting":true,"audioPlay":false,"sceneViewState":{"showFog":true,"showMaterialUpdate":false,"showSkybox":false,"showFlares":true,"showImageEffects":true,"showParticleSystems":true},"in2DMode":false,"pivot":{"x":-3.4859495162963869,"y":35.69440460205078,"z":40.51716232299805},"rotation":{"x":-0.24323078989982606,"y":-0.11577264964580536,"z":0.029255453497171403,"w":-0.9626017808914185},"size":1328.3699951171875,"orthographic":false}