{"cameraMode":{"drawMode":0,"name":"Shaded","section":"Shading Mode"},"sceneLighting":false,"audioPlay":false,"sceneViewState":{"showFog":true,"showMaterialUpdate":false,"showSkybox":false,"showFlares":true,"showImageEffects":true,"showParticleSystems":true},"in2DMode":false,"pivot":{"x":1.574622631072998,"y":1.2487651109695435,"z":-0.15494300425052644},"rotation":{"x":0.20138093829154969,"y":-0.6916359663009644,"z":0.21077637374401093,"w":0.6608040928840637},"size":1.4266431331634522,"orthographic":false}