{"cameraMode":{"drawMode":0,"name":"Shaded","section":"Shading Mode"},"sceneLighting":true,"audioPlay":false,"sceneViewState":{"showFog":true,"showMaterialUpdate":false,"showSkybox":false,"showFlares":true,"showImageEffects":true,"showParticleSystems":true},"in2DMode":false,"pivot":{"x":160.12416076660157,"y":17.9395809173584,"z":194.1239013671875},"rotation":{"x":-0.04637038707733154,"y":0.06947089731693268,"z":0.0032324306666851045,"w":0.9965034127235413},"size":47.92766571044922,"orthographic":false}