{"cameraMode":{"drawMode":0,"name":"Shaded","section":"Shading Mode"},"sceneLighting":true,"audioPlay":false,"sceneViewState":{"showFog":true,"showMaterialUpdate":false,"showSkybox":false,"showFlares":true,"showImageEffects":true,"showParticleSystems":true},"in2DMode":false,"pivot":{"x":166.3207244873047,"y":-0.308502197265625,"z":101.53963470458985},"rotation":{"x":0.7107014060020447,"y":0.002533676102757454,"z":-0.002559957094490528,"w":0.7034857869148254},"size":32.951377868652347,"orthographic":false}