{"cameraMode":{"drawMode":0,"name":"Shaded","section":"Shading Mode"},"sceneLighting":true,"audioPlay":false,"sceneViewState":{"showFog":true,"showMaterialUpdate":false,"showSkybox":false,"showFlares":true,"showImageEffects":true,"showParticleSystems":true},"in2DMode":false,"pivot":{"x":-198.64968872070313,"y":-55.24836730957031,"z":-13.447460174560547},"rotation":{"x":-0.2360277622938156,"y":-0.45737820863723757,"z":0.12732400000095368,"w":-0.8478840589523315},"size":50.979312896728519,"orthographic":false}