{"cameraMode":{"drawMode":0,"name":"Shaded","section":"Shading Mode"},"sceneLighting":true,"audioPlay":false,"sceneViewState":{"showFog":true,"showMaterialUpdate":false,"showSkybox":false,"showFlares":true,"showImageEffects":true,"showParticleSystems":true},"in2DMode":false,"pivot":{"x":139.24156188964845,"y":1.3865673542022706,"z":127.10572052001953},"rotation":{"x":0.020065464079380037,"y":-0.6687837243080139,"z":0.018061762675642968,"w":0.7429689764976502},"size":11.55517864227295,"orthographic":false}