{"cameraMode":{"drawMode":0,"name":"Shaded","section":"Shading Mode"},"sceneLighting":true,"audioPlay":false,"sceneViewState":{"showFog":true,"showMaterialUpdate":false,"showSkybox":false,"showFlares":true,"showImageEffects":true,"showParticleSystems":true},"in2DMode":false,"pivot":{"x":151.94252014160157,"y":-14.476583480834961,"z":168.06488037109376},"rotation":{"x":0.1076926738023758,"y":0.04234117642045021,"z":-0.004594727884978056,"w":0.9932768940925598},"size":53.635257720947269,"orthographic":false}