{"cameraMode":{"drawMode":0,"name":"Shaded","section":"Shading Mode"},"sceneLighting":true,"audioPlay":false,"sceneViewState":{"showFog":true,"showMaterialUpdate":false,"showSkybox":false,"showFlares":true,"showImageEffects":true,"showParticleSystems":true},"in2DMode":false,"pivot":{"x":156.36048889160157,"y":8.731094360351563,"z":102.18883514404297},"rotation":{"x":0.7107014060020447,"y":0.002533676102757454,"z":-0.002559957094490528,"w":0.7034857869148254},"size":26.709739685058595,"orthographic":false}