{"cameraMode":{"drawMode":0,"name":"Shaded","section":"Shading Mode"},"sceneLighting":true,"audioPlay":false,"sceneViewState":{"showFog":true,"showMaterialUpdate":false,"showSkybox":false,"showFlares":true,"showImageEffects":true,"showParticleSystems":true},"in2DMode":false,"pivot":{"x":143.61720275878907,"y":-63.48389434814453,"z":116.0781478881836},"rotation":{"x":0.7000604867935181,"y":0.004713787697255611,"z":-0.004622458480298519,"w":0.7140578031539917},"size":124.16938781738281,"orthographic":false}