{"cameraMode":{"drawMode":0,"name":"Shaded","section":"Shading Mode"},"sceneLighting":true,"audioPlay":false,"sceneViewState":{"showFog":true,"showMaterialUpdate":false,"showSkybox":false,"showFlares":true,"showImageEffects":true,"showParticleSystems":true},"in2DMode":false,"pivot":{"x":0.34384918212890627,"y":6.8380513191223148,"z":50.32907485961914},"rotation":{"x":-0.04863746091723442,"y":-0.2991444170475006,"z":-0.015269567258656025,"w":0.9528465867042542},"size":18.734086990356447,"orthographic":false}