{"cameraMode":{"drawMode":0,"name":"Shaded","section":"Shading Mode"},"sceneLighting":true,"audioPlay":false,"sceneViewState":{"showFog":true,"showMaterialUpdate":false,"showSkybox":false,"showFlares":true,"showImageEffects":true,"showParticleSystems":true},"in2DMode":false,"pivot":{"x":19.294086456298829,"y":4.6929521560668949,"z":32.69956588745117},"rotation":{"x":-0.022861773148179055,"y":0.8246592283248901,"z":0.033416975289583209,"w":0.5641797184944153},"size":9.610804557800293,"orthographic":false}