{"cameraMode":{"drawMode":0,"name":"Shaded","section":"Shading Mode"},"sceneLighting":true,"audioPlay":false,"sceneViewState":{"showFog":true,"showMaterialUpdate":false,"showSkybox":false,"showFlares":true,"showImageEffects":true,"showParticleSystems":true},"in2DMode":false,"pivot":{"x":70.04951477050781,"y":2.4663355350494386,"z":37.05170440673828},"rotation":{"x":0.09724953770637512,"y":-0.0444764718413353,"z":0.004350610077381134,"w":0.9942660331726074},"size":15.10351848602295,"orthographic":false}