{"cameraMode":{"drawMode":0,"name":"Shaded","section":"Shading Mode"},"sceneLighting":true,"audioPlay":false,"sceneViewState":{"showFog":true,"showMaterialUpdate":false,"showSkybox":false,"showFlares":true,"showImageEffects":true,"showParticleSystems":true},"in2DMode":false,"pivot":{"x":144.73524475097657,"y":8.737044334411621,"z":89.64340209960938},"rotation":{"x":-0.0020570603664964439,"y":0.7288264036178589,"z":0.002183865522965789,"w":0.6847036480903626},"size":14.872434616088868,"orthographic":false}