{"cameraMode":{"drawMode":0,"name":"Shaded","section":"Shading Mode"},"sceneLighting":true,"audioPlay":false,"sceneViewState":{"showFog":true,"showMaterialUpdate":false,"showSkybox":false,"showFlares":true,"showImageEffects":true,"showParticleSystems":true},"in2DMode":false,"pivot":{"x":73.71883392333985,"y":22.949562072753908,"z":26.137554168701173},"rotation":{"x":-0.03639111667871475,"y":0.6993780136108398,"z":0.03569965064525604,"w":0.7129386067390442},"size":41.63639450073242,"orthographic":false}