{"cameraMode":{"drawMode":0,"name":"Shaded","section":"Shading Mode"},"sceneLighting":true,"audioPlay":false,"sceneViewState":{"showFog":true,"showMaterialUpdate":false,"showSkybox":false,"showFlares":true,"showImageEffects":true,"showParticleSystems":true},"in2DMode":false,"pivot":{"x":146.16392517089845,"y":-63.180381774902347,"z":131.4217529296875},"rotation":{"x":0.7000604867935181,"y":0.004713787697255611,"z":-0.004622458480298519,"w":0.7140578031539917},"size":43.18281936645508,"orthographic":false}