{"cameraMode":{"drawMode":0,"name":"Shaded","section":"Shading Mode"},"sceneLighting":true,"audioPlay":false,"sceneViewState":{"showFog":true,"showMaterialUpdate":false,"showSkybox":false,"showFlares":true,"showImageEffects":true,"showParticleSystems":true},"in2DMode":false,"pivot":{"x":149.69427490234376,"y":9.635185241699219,"z":74.54450225830078},"rotation":{"x":0.7043024897575378,"y":0.007880390621721745,"z":-0.007819486781954766,"w":0.7098143100738525},"size":32.7664794921875,"orthographic":false}