{"cameraMode":{"drawMode":0,"name":"Shaded","section":"Shading Mode"},"sceneLighting":true,"audioPlay":false,"sceneViewState":{"showFog":true,"showMaterialUpdate":false,"showSkybox":false,"showFlares":true,"showImageEffects":true,"showParticleSystems":true},"in2DMode":false,"pivot":{"x":45.37090301513672,"y":2.177610397338867,"z":12.673493385314942},"rotation":{"x":0.016357799991965295,"y":0.7314803600311279,"z":-0.01755877397954464,"w":0.6814437508583069},"size":18.803064346313478,"orthographic":false}