{"cameraMode":{"drawMode":0,"name":"Shaded","section":"Shading Mode"},"sceneLighting":false,"audioPlay":false,"sceneViewState":{"showFog":true,"showMaterialUpdate":false,"showSkybox":false,"showFlares":true,"showImageEffects":true,"showParticleSystems":true},"in2DMode":false,"pivot":{"x":-29.205839157104493,"y":0.3301948308944702,"z":1.8903604745864869},"rotation":{"x":-0.2199888825416565,"y":-0.12920597195625306,"z":0.029410630464553834,"w":-0.9664610028266907},"size":1.0292093753814698,"orthographic":false}