{"cameraMode":{"drawMode":0,"name":"Shaded","section":"Shading Mode"},"sceneLighting":true,"audioPlay":false,"sceneViewState":{"showFog":true,"showMaterialUpdate":false,"showSkybox":false,"showFlares":true,"showImageEffects":true,"showParticleSystems":true},"in2DMode":false,"pivot":{"x":138.14389038085938,"y":0.8974094390869141,"z":88.27787780761719},"rotation":{"x":0.19066227972507478,"y":-0.6874549984931946,"z":0.19470465183258058,"w":0.6731675863265991},"size":39.85609436035156,"orthographic":false}