{"cameraMode":{"drawMode":0,"name":"Shaded","section":"Shading Mode"},"sceneLighting":true,"audioPlay":false,"sceneViewState":{"showFog":true,"showMaterialUpdate":false,"showSkybox":false,"showFlares":true,"showImageEffects":true,"showParticleSystems":true},"in2DMode":false,"pivot":{"x":15.96518325805664,"y":3.160836696624756,"z":51.360076904296878},"rotation":{"x":-0.03273744136095047,"y":0.12440486997365952,"z":0.004106841050088406,"w":0.9916831254959106},"size":11.254681587219239,"orthographic":false}