{"cameraMode":{"drawMode":0,"name":"Shaded","section":"Shading Mode"},"sceneLighting":true,"audioPlay":false,"sceneViewState":{"showFog":true,"showMaterialUpdate":false,"showSkybox":false,"showFlares":true,"showImageEffects":true,"showParticleSystems":true},"in2DMode":false,"pivot":{"x":145.98170471191407,"y":9.863414764404297,"z":103.91661834716797},"rotation":{"x":0.7043024897575378,"y":0.007880390621721745,"z":-0.007819486781954766,"w":0.7098143100738525},"size":77.70849609375,"orthographic":false}