{"cameraMode":{"drawMode":0,"name":"Shaded","section":"Shading Mode"},"sceneLighting":true,"audioPlay":false,"sceneViewState":{"showFog":true,"showMaterialUpdate":false,"showSkybox":false,"showFlares":true,"showImageEffects":true,"showParticleSystems":true},"in2DMode":false,"pivot":{"x":132.3990020751953,"y":9.372016906738282,"z":39.504764556884769},"rotation":{"x":0.7107014060020447,"y":0.002533676102757454,"z":-0.002559957094490528,"w":0.7034857869148254},"size":26.6773738861084,"orthographic":false}