{"cameraMode":{"drawMode":0,"name":"Shaded","section":"Shading Mode"},"sceneLighting":true,"audioPlay":false,"sceneViewState":{"showFog":true,"showMaterialUpdate":false,"showSkybox":false,"showFlares":true,"showImageEffects":true,"showParticleSystems":true},"in2DMode":false,"pivot":{"x":144.1697998046875,"y":0.6315892338752747,"z":118.94965362548828},"rotation":{"x":0.181258425116539,"y":0.08749815821647644,"z":-0.01619340293109417,"w":0.9794020056724548},"size":46.89115905761719,"orthographic":false}