{"cameraMode":{"drawMode":0,"name":"Shaded","section":"Shading Mode"},"sceneLighting":true,"audioPlay":false,"sceneViewState":{"showFog":true,"showMaterialUpdate":false,"showSkybox":false,"showFlares":true,"showImageEffects":true,"showParticleSystems":true},"in2DMode":false,"pivot":{"x":143.06777954101563,"y":0.5324509143829346,"z":62.17121124267578},"rotation":{"x":0.1076926738023758,"y":0.04234117642045021,"z":-0.004594727884978056,"w":0.9932768940925598},"size":12.403643608093262,"orthographic":false}