{"cameraMode":{"drawMode":0,"name":"Shaded","section":"Shading Mode"},"sceneLighting":true,"audioPlay":false,"sceneViewState":{"showFog":true,"showMaterialUpdate":false,"showSkybox":false,"showFlares":true,"showImageEffects":true,"showParticleSystems":true},"in2DMode":false,"pivot":{"x":141.86358642578126,"y":4.077786445617676,"z":-3.5671653747558595},"rotation":{"x":-0.007300136610865593,"y":0.7936065196990967,"z":0.009523599408566952,"w":0.6083271503448486},"size":36.898887634277347,"orthographic":false}