{"cameraMode":{"drawMode":0,"name":"Shaded","section":"Shading Mode"},"sceneLighting":true,"audioPlay":false,"sceneViewState":{"showFog":true,"showMaterialUpdate":false,"showSkybox":false,"showFlares":true,"showImageEffects":true,"showParticleSystems":true},"in2DMode":false,"pivot":{"x":473.4259033203125,"y":187.24139404296876,"z":198.35214233398438},"rotation":{"x":-0.05366141349077225,"y":-0.10733897984027863,"z":-0.005801183171570301,"w":0.9927622675895691},"size":78.45641326904297,"orthographic":false}